sentiment,tail_mean_pnl,tail_median_pnl
Fear,-24298.932921,-20526.462526
Greed,-113663.129076,-7919.471032000002
